cohort,instance_id,original_signature,round1_signature,round2_signature,three_run_majority_signature,variable_conditions,has_flagged_evaluation,ORIG_outcomes,ORIG_successes_of3,CH_outcomes,CH_successes_of3,WLH_outcomes,WLH_successes_of3,WCH_outcomes,WCH_successes_of3,WRH_outcomes,WRH_successes_of3
sensitive,astropy__astropy-13033,01000,01101,00000,01000,3,False,000,0,110,2,010,1,000,0,010,1
sensitive,astropy__astropy-7606,10000,10000,10000,10000,0,False,111,3,000,0,000,0,000,0,000,0
sensitive,django__django-11964,01100,01100,01100,01100,0,False,000,0,111,3,111,3,000,0,000,0
sensitive,django__django-12663,01000,11111,00000,01000,5,False,010,1,110,2,010,1,010,1,010,1
sensitive,django__django-13794,01000,00000,00000,00000,1,False,000,0,100,1,000,0,000,0,000,0
sensitive,django__django-14765,01111,11111,11111,11111,1,False,011,2,111,3,111,3,111,3,111,3
sensitive,django__django-15022,00001,00001,00100,00001,2,False,000,0,000,0,001,1,000,0,110,2
sensitive,django__django-15572,10111,11111,11111,11111,1,False,111,3,011,2,111,3,111,3,111,3
sensitive,django__django-15916,10111,10111,11111,10111,1,False,111,3,001,1,111,3,111,3,111,3
sensitive,django__django-16256,01000,01100,01100,01100,1,False,000,0,111,3,011,2,000,0,000,0
sensitive,django__django-16454,00010,11010,11101,11010,5,False,011,2,011,2,001,1,110,2,001,1
sensitive,django__django-16560,00110,10111,11000,10110,5,False,011,2,001,1,110,2,110,2,010,1
sensitive,django__django-16950,10010,00001,10001,10001,3,False,101,2,000,0,000,0,100,1,011,2
sensitive,django__django-17084,11110,11110,11110,11110,0,False,111,3,111,3,111,3,111,3,000,0
sensitive,psf__requests-5414,10110,00000,00000,00000,3,True,100,1,000,0,100,1,100,1,000,0
sensitive,pylint-dev__pylint-4970,10001,00011,10000,10001,3,False,101,2,000,0,000,0,010,1,110,2
sensitive,pylint-dev__pylint-6528,10101,10010,10111,10111,3,False,111,3,000,0,101,2,011,2,101,2
sensitive,pylint-dev__pylint-7080,00011,00000,00100,00000,3,False,000,0,000,0,001,1,100,1,100,1
sensitive,pylint-dev__pylint-8898,00011,11000,00011,00011,4,True,010,1,010,1,000,0,101,2,101,2
sensitive,pytest-dev__pytest-6197,00011,10111,11111,10111,3,False,011,2,001,1,011,2,111,3,111,3
sensitive,pytest-dev__pytest-7324,10111,00111,01010,00111,4,False,100,1,001,1,110,2,111,3,110,2
sensitive,scikit-learn__scikit-learn-12973,11010,10001,01110,11010,5,False,110,2,101,2,001,1,101,2,010,1
sensitive,scikit-learn__scikit-learn-14629,11110,11100,01110,11110,2,False,110,2,111,3,111,3,101,2,000,0
sensitive,scikit-learn__scikit-learn-25102,10101,10100,00101,10101,2,False,110,2,000,0,111,3,000,0,101,2
sensitive,sphinx-doc__sphinx-8475,00001,11000,11110,11000,5,False,011,2,011,2,001,1,001,1,100,1
sensitive,sphinx-doc__sphinx-8548,00110,10000,01100,00100,4,False,010,1,001,1,101,2,100,1,000,0
sensitive,sphinx-doc__sphinx-9711,00001,11111,11111,11111,4,False,011,2,011,2,011,2,011,2,111,3
sensitive,sympy__sympy-13877,11110,11111,11110,11110,1,False,111,3,111,3,111,3,111,3,010,1
sensitive,sympy__sympy-15875,11001,01000,01100,01000,3,False,100,1,111,3,001,1,000,0,100,1
sensitive,sympy__sympy-16597,10000,00000,00000,00000,1,False,100,1,000,0,000,0,000,0,000,0
sensitive,sympy__sympy-17630,01100,01110,01110,01110,1,False,000,0,111,3,111,3,011,2,000,0
sensitive,sympy__sympy-18211,01111,11011,01101,01111,3,False,010,1,111,3,101,2,110,2,111,3
sensitive,sympy__sympy-20428,01000,00000,01000,01000,1,False,000,0,101,2,000,0,000,0,000,0
sensitive,sympy__sympy-21612,11100,01100,01101,01100,2,False,100,1,111,3,111,3,000,0,001,1
stable,astropy__astropy-14096,11111,11111,11111,11111,0,False,111,3,111,3,111,3,111,3,111,3
stable,django__django-11603,11111,11111,11111,11111,0,False,111,3,111,3,111,3,111,3,111,3
stable,django__django-11740,11111,11111,11111,11111,0,False,111,3,111,3,111,3,111,3,111,3
stable,django__django-11815,11111,11111,11011,11111,1,False,111,3,111,3,110,2,111,3,111,3
stable,django__django-12262,11111,11111,11111,11111,0,False,111,3,111,3,111,3,111,3,111,3
stable,django__django-13023,11111,11111,10111,11111,1,False,111,3,110,2,111,3,111,3,111,3
stable,django__django-13297,11111,11111,11111,11111,0,False,111,3,111,3,111,3,111,3,111,3
stable,django__django-13658,11111,11111,11111,11111,0,False,111,3,111,3,111,3,111,3,111,3
stable,django__django-13810,11111,11111,11111,11111,0,False,111,3,111,3,111,3,111,3,111,3
stable,django__django-13933,11111,11111,11111,11111,0,False,111,3,111,3,111,3,111,3,111,3
stable,django__django-14017,11111,11111,11111,11111,0,False,111,3,111,3,111,3,111,3,111,3
stable,django__django-15127,11111,11111,01111,11111,1,False,110,2,111,3,111,3,111,3,111,3
stable,django__django-15503,11111,11111,01111,11111,1,False,110,2,111,3,111,3,111,3,111,3
stable,django__django-15525,11111,11111,11111,11111,0,False,111,3,111,3,111,3,111,3,111,3
stable,django__django-15814,11111,11111,11111,11111,0,False,111,3,111,3,111,3,111,3,111,3
stable,django__django-16315,11111,11111,11111,11111,0,False,111,3,111,3,111,3,111,3,111,3
stable,matplotlib__matplotlib-24149,11111,11111,11111,11111,0,False,111,3,111,3,111,3,111,3,111,3
stable,matplotlib__matplotlib-25332,11111,11111,11111,11111,0,False,111,3,111,3,111,3,111,3,111,3
stable,mwaskom__seaborn-3187,11111,10111,01111,11111,2,False,110,2,101,2,111,3,111,3,111,3
stable,psf__requests-1724,11111,11110,01111,11111,2,False,110,2,111,3,111,3,111,3,101,2
stable,pydata__xarray-4094,11111,11111,11111,11111,0,False,111,3,111,3,111,3,111,3,111,3
stable,pydata__xarray-7233,11111,11111,11111,11111,0,False,111,3,111,3,111,3,111,3,111,3
stable,pylint-dev__pylint-6903,11111,11111,11111,11111,0,False,111,3,111,3,111,3,111,3,111,3
stable,pylint-dev__pylint-7277,11111,11111,11111,11111,0,False,111,3,111,3,111,3,111,3,111,3
stable,pytest-dev__pytest-5262,11111,11111,11111,11111,0,False,111,3,111,3,111,3,111,3,111,3
stable,pytest-dev__pytest-6202,11111,11111,11111,11111,0,False,111,3,111,3,111,3,111,3,111,3
stable,pytest-dev__pytest-7205,11111,11111,01001,11111,3,False,110,2,111,3,110,2,110,2,111,3
stable,pytest-dev__pytest-7236,11111,11111,11111,11111,0,False,111,3,111,3,111,3,111,3,111,3
stable,pytest-dev__pytest-7432,11111,11111,11111,11111,0,False,111,3,111,3,111,3,111,3,111,3
stable,scikit-learn__scikit-learn-10908,11111,11111,11111,11111,0,False,111,3,111,3,111,3,111,3,111,3
stable,scikit-learn__scikit-learn-12682,11111,11111,11111,11111,0,False,111,3,111,3,111,3,111,3,111,3
stable,scikit-learn__scikit-learn-13779,11111,11111,11111,11111,0,False,111,3,111,3,111,3,111,3,111,3
stable,scikit-learn__scikit-learn-14894,11111,11111,11111,11111,0,False,111,3,111,3,111,3,111,3,111,3
stable,scikit-learn__scikit-learn-25232,11111,11111,11111,11111,0,False,111,3,111,3,111,3,111,3,111,3
stable,sphinx-doc__sphinx-10449,11111,11111,11111,11111,0,False,111,3,111,3,111,3,111,3,111,3
stable,sympy__sympy-13480,11111,11111,11111,11111,0,False,111,3,111,3,111,3,111,3,111,3
stable,sympy__sympy-16792,11111,11111,11111,11111,0,False,111,3,111,3,111,3,111,3,111,3
stable,sympy__sympy-19637,11111,11111,11111,11111,0,False,111,3,111,3,111,3,111,3,111,3
stable,sympy__sympy-19954,11111,11111,11111,11111,0,False,111,3,111,3,111,3,111,3,111,3
stable,sympy__sympy-21379,11111,11101,11111,11111,1,False,111,3,111,3,111,3,101,2,111,3
stable,sympy__sympy-24443,11111,11111,11111,11111,0,False,111,3,111,3,111,3,111,3,111,3
stable,django__django-13212,00000,00000,00000,00000,0,False,000,0,000,0,000,0,000,0,000,0
stable,django__django-14011,00000,00000,00000,00000,0,False,000,0,000,0,000,0,000,0,000,0
stable,django__django-14140,00000,00000,00000,00000,0,False,000,0,000,0,000,0,000,0,000,0
stable,matplotlib__matplotlib-23299,00000,00000,00000,00000,0,True,000,0,000,0,000,0,000,0,000,0
stable,matplotlib__matplotlib-23476,00000,01000,00000,00000,1,False,000,0,010,1,000,0,000,0,000,0
stable,matplotlib__matplotlib-25479,00000,00000,00000,00000,0,False,000,0,000,0,000,0,000,0,000,0
stable,pydata__xarray-6938,00000,00010,00000,00000,1,False,000,0,000,0,000,0,010,1,000,0
stable,pydata__xarray-6992,00000,00000,00000,00000,0,False,000,0,000,0,000,0,000,0,000,0
stable,sympy__sympy-20438,00000,00000,00000,00000,0,False,000,0,000,0,000,0,000,0,000,0
